AirventCreak1,player\FootStep\FTS_AirVent_Creak_01.wav,
AirventCreak10,player\FootStep\FTS_AirVent_Creak_011.wav,
AirventCreak11,player\FootStep\FTS_AirVent_Creak_012.wav,
AirventCreak12,player\FootStep\FTS_AirVent_Creak_013.wav,
AirventCreak13,player\FootStep\FTS_AirVent_Creak_014.wav,
AirventCreak14,player\FootStep\FTS_AirVent_Creak_015.wav,
AirventCreak15,player\FootStep\FTS_AirVent_Creak_016.wav,
AirventCreak16,player\FootStep\FTS_AirVent_Creak_017.wav,
AirventCreak17,player\FootStep\FTS_AirVent_Creak_018.wav,
AirventCreak18,player\FootStep\FTS_AirVent_Creak_019.wav,
AirventCreak19,player\FootStep\FTS_AirVent_Creak_020.wav,
AirventCreak2,player\FootStep\FTS_AirVent_Creak_02.wav,
AirventCreak20,player\FootStep\FTS_AirVent_Creak_021.wav,
AirventCreak21,player\FootStep\FTS_AirVent_Creak_022.wav,
AirventCreak22,player\FootStep\FTS_AirVent_Creak_023.wav,
AirventCreak3,player\FootStep\FTS_AirVent_Creak_03.wav,
AirventCreak4,player\FootStep\FTS_AirVent_Creak_04.wav,
AirventCreak5,player\FootStep\FTS_AirVent_Creak_05.wav,
AirventCreak6,player\FootStep\FTS_AirVent_Creak_06.wav,
AirventCreak7,player\FootStep\FTS_AirVent_Creak_07.wav,
AirventCreak8,player\FootStep\FTS_AirVent_Creak_08.wav,
AirventCreak9,player\FootStep\FTS_AirVent_Creak_09.wav,
AirventMove1,player\FootStep\FTS_AirVent_01.wav,
AirventMove10,player\FootStep\FTS_AirVent_010.wav,
AirventMove11,player\FootStep\FTS_AirVent_011.wav,
AirventMove12,player\FootStep\FTS_AirVent_012.wav,
AirventMove13,player\FootStep\FTS_AirVent_013.wav,
AirventMove14,player\FootStep\FTS_AirVent_014.wav,
AirventMove15,player\FootStep\FTS_AirVent_015.wav,
AirventMove16,player\FootStep\FTS_AirVent_016.wav,
AirventMove17,player\FootStep\FTS_AirVent_017.wav,
AirventMove18,player\FootStep\FTS_AirVent_018.wav,
AirventMove19,player\FootStep\FTS_AirVent_019.wav,
AirventMove2,player\FootStep\FTS_AirVent_02.wav,
AirventMove20,player\FootStep\FTS_AirVent_020.wav,
AirventMove21,player\FootStep\FTS_AirVent_021.wav,
AirventMove22,player\FootStep\FTS_AirVent_022.wav,
AirventMove3,player\FootStep\FTS_AirVent_03.wav,
AirventMove4,player\FootStep\FTS_AirVent_04.wav,
AirventMove5,player\FootStep\FTS_AirVent_05.wav,
AirventMove6,player\FootStep\FTS_AirVent_06.wav,
AirventMove7,player\FootStep\FTS_AirVent_07.wav,
AirventMove8,player\FootStep\FTS_AirVent_08.wav,
AirventMove9,player\FootStep\FTS_AirVent_09.wav,
AMB_Airlock_broken_electric_loop1,ambient\Airlock_broken_electric_loop.wav,
AMB_Airlock_broken_electric_loop2,ambient\Airlock_broken_electric_loop_2.wav,
AMB_Airlock_broken_spark1,ambient\Airlock_broken_sparks_1.wav,
AMB_Airlock_broken_spark2,ambient\Airlock_broken_sparks_2.wav,
AMB_Airlock_broken_spark3,ambient\Airlock_broken_sparks_3.wav,
AMB_Airlock_broken_spark4,ambient\Airlock_broken_sparks_4.wav,
AMB_Airvent_LowLoop,ambient\Air_Vent_Ent_Low_Loop.wav,
AMB_Basement_Loop,ambient\Loop_Basement_Low.wav,
AMB_Compressor_main_loop,ambient\Compressor_Main_Loop.wav,
AMB_Compressor_pump_loop,ambient\Compressor_Pump_Loop.wav,
AMB_Debris_dust1,ambient\AMB_Debris_dust_01.wav,
AMB_Debris_dust2,ambient\AMB_Debris_dust_02.wav,
AMB_Debris_dust3,ambient\AMB_Debris_dust_03.wav,
AMB_Debris_dust4,ambient\AMB_Debris_dust_04.wav,
AMB_Debris_dust5,ambient\AMB_Debris_dust_05.wav,
AMB_Debris_dust6,ambient\AMB_Debris_dust_06.wav,
AMB_Debris_dust7,ambient\AMB_Debris_dust_07.wav,
AMB_Debris_rock1,ambient\AMB_Debris_rock_01.wav,
AMB_Debris_rock2,ambient\AMB_Debris_rock_02.wav,
AMB_Debris_rock3,ambient\AMB_Debris_rock_03.wav,
AMB_Debris_rock4,ambient\AMB_Debris_rock_04.wav,
AMB_Debris_rock5,ambient\AMB_Debris_rock_05.wav,
AMB_Electric_back,ambient\Electricity_back.wav,
AMB_Electric_burst1,ambient\Electricity_Bursts_01.wav,
AMB_Electric_burst2,ambient\Electricity_Bursts_02.wav,
AMB_Electric_burst3,ambient\Electricity_Bursts_03.wav,
AMB_Electric_burst4,ambient\Electricity_Bursts_04.wav,
AMB_Electric_burst5,ambient\Electricity_Bursts_05.wav,
AMB_Electric_fail,ambient\ELECTRICITY_FAIL.wav,
AMB_Electric_loop,ambient\Electricity_Loop.wav,
AMB_Electric_spark1,ambient\Dangerous_Spark_01.wav,
AMB_Electric_spark2,ambient\Dangerous_Spark_02.wav,
AMB_Electric_spark3,ambient\Dangerous_Spark_03.wav,
AMB_Electric_spark4,ambient\Dangerous_Spark_04.wav,
AMB_Eletric_shock1,ambient\Electric_Shock02.wav,
AMB_Eletric_shock2,ambient\Electric_Shock_02.wav,
AMB_Eletric_shock3,ambient\Electric_Shock_04.wav,
AMB_Eletric_shock4,ambient\Electric_Shock_05.wav,
AMB_Eletric_shock5,ambient\Electric_Shock_1.wav,
AMB_Eletric_shock6,ambient\Electric_Shock_3.wav,
AMB_Elevator_Blocked,ambient\Elevator_Blocked_Surgeon.wav,
AMB_Elevator_Door_close,ambient\Elevator_Door_Closing.wav,
AMB_Elevator_end,ambient\Elevator_Stop.wav,
AMB_Elevator_fight1,ambient\Elevator_Fight_FOL.wav,
AMB_Elevator_fight2,ambient\Elevator_Fight_SFX.wav,
AMB_Elevator_fight3,ambient\Elevator_Fight_SURGEON.wav,
AMB_Elevator_loop,ambient\elevator_loop.wav,
AMB_Elevator_squeaks1,ambient\Elevator_squeks_Rdm_1.wav,
AMB_Elevator_squeaks2,ambient\Elevator_squeks_Rdm_2.wav,
AMB_Elevator_squeaks3,ambient\Elevator_squeks_Rdm_3.wav,
AMB_Elevator_squeaks4,ambient\Elevator_squeks_Rdm_4.wav,
AMB_Elevator_squeaks5,ambient\Elevator_squeks_Rdm_5.wav,
AMB_Elevator_squeaks6,ambient\Elevator_squeks_Rdm_6.wav,
AMB_Elevator_start,ambient\Elevator_Start.wav,
AMB_Ext_loop,ambient\Amb_Ext_Loop_WIND_3D.wav,
AMB_Fan_loop,ambient\Fan_Loop.wav,
AMB_Fence_wind,ambient\Wind_from_fence.wav,
AMB_File_loop,ambient\Flies_Loop.wav,
AMB_Fire_small,ambient\AMB_Fire_Small.wav,
AMB_Flag_flap1,ambient\Flag_Flap_RdmFx_01.wav,
AMB_Flag_flap2,ambient\Flag_Flap_RdmFx_02.wav,
AMB_Flag_flap3,ambient\Flag_Flap_RdmFx_03.wav,
AMB_Flag_flap4,ambient\Flag_Flap_RdmFx_04.wav,
AMB_Flag_flap5,ambient\Flap_Flag.wav,
AMB_Fridge,ambient\FRIDGE_02.wav,
AMB_Fuse_insert,ambient\Fusible_Insert.wav,
AMB_Generator_loop,ambient\Small_Generator_Loop.wav,
AMB_Heater_creak1,ambient\HEATER_CREAKS_01.wav,
AMB_Heater_creak2,ambient\HEATER_CREAKS_02.wav,
AMB_Heater_creak3,ambient\HEATER_CREAKS_03.wav,
AMB_Heater_creak4,ambient\HEATER_CREAKS_04.wav,
AMB_Heater_creak5,ambient\HEATER_CREAKS_05.wav,
AMB_Heater_loop,ambient\Loop_Heater.wav,
AMB_Insect_die,ambient\Insect_gore_Loop.wav,
AMB_Light_buzzH1,ambient\Loop_BuzzHigh.wav,
AMB_Light_buzzH2,ambient\Loop_BuzzHigh_2.wav,
AMB_Light_buzzlong1,ambient\Light_buzzes_long_1.wav,
AMB_Light_buzzlong2,ambient\Light_buzzes_long_2.wav,
AMB_Light_buzzlong3,ambient\Light_buzzes_long_3.wav,
AMB_Light_buzzNeon,ambient\Loop_BuzzNeon.wav,
AMB_Light_buzzshort1,ambient\Light_buzzes_short_1.wav,
AMB_Light_buzzshort2,ambient\Light_buzzes_short_2.wav,
AMB_Light_buzzshort3,ambient\Light_buzzes_short_3.wav,
AMB_Light_buzzshort4,ambient\Light_buzzes_short_4.wav,
AMB_Light_buzzshort5,ambient\Light_buzzes_short_5.wav,
AMB_Light_buzzshort6,ambient\Light_buzzes_short_6.wav,
AMB_Light_creak,ambient\Light_Creak.wav,
AMB_Light_shake1,ambient\Light_Shake_01.wav,
AMB_Light_shake2,ambient\Light_Shake_02.wav,
AMB_Light_shake3,ambient\Light_Shake_03.wav,
AMB_Light_shake4,ambient\Light_Shake_04.wav,
AMB_Light_shake5,ambient\Light_Shake_05.wav,
AMB_Light_shake6,ambient\Light_Shake_06.wav,
AMB_Light_shake7,ambient\Light_Shake_07.wav,
AMB_Light_shake8,ambient\Light_Shake_08.wav,
AMB_Light_shake9,ambient\Light_Shake_09.wav,
AMB_Light_switch1,ambient\Light_switch_1.wav,
AMB_Light_switch2,ambient\Light_switch_2.wav,
AMB_Light_switch3,ambient\Light_switch_3.wav,
AMB_Light_switch4,ambient\Light_switch_4.wav,
AMB_Metal_basementcreak1,ambient\Metal Creaks_Basement-01.wav,
AMB_Metal_basementcreak2,ambient\Metal Creaks_Basement-03.wav,
AMB_Metal_basementcreak3,ambient\Metal Creaks_Basement-05.wav,
AMB_Metal_basementcreak4,ambient\Metal Creaks_Basement-07.wav,
AMB_Metal_basementcreak5,ambient\Metal Creaks_Basement-09.wav,
AMB_Metal_basementcreak6,ambient\Metal Creaks_Basement-11.wav,
AMB_Metal_basementcreak7,ambient\Metal Creaks_Basement-13.wav,
AMB_Metal_basementcreak8,ambient\Metal Creaks_Basement-14.wav,
AMB_Metal_fall1,ambient\MetalFall_1.wav,
AMB_Metal_fall2,ambient\MetalFall_2.wav,
AMB_Metal_fall3,ambient\MetalFall_3.wav,
AMB_Metal_fall4,ambient\MetalFall_4.wav,
AMB_Metal_fall5,ambient\MetalFall_5.wav,
AMB_Metal_impact1,ambient\Metal_Impact_Amb_Int-03.wav,
AMB_Metal_impact2,ambient\Metal_Impact_Amb_Int-05.wav,
AMB_Metal_impact3,ambient\Metal_Impact_Amb_Int-07.wav,
AMB_Metal_impact4,ambient\Metal_Impact_Amb_Int-09.wav,
AMB_Metal_impact5,ambient\Metal_Impact_Amb_Int-11.wav,
AMB_Metal_impact6,ambient\Metal_Impact_Amb_Int-13.wav,
AMB_Metal1,ambient\Metal_Sounds_01.wav,
AMB_Metal10,ambient\Metal_Sounds_Ent_10.wav,
AMB_Metal2,ambient\Metal_Sounds_03.wav,
AMB_Metal3,ambient\Metal_Sounds_04.wav,
AMB_Metal4,ambient\Metal_Sounds_05.wav,
AMB_Metal5,ambient\Metal_Sounds_06.wav,
AMB_Metal6,ambient\Metal_Sounds_07.wav,
AMB_Metal7,ambient\Metal_Sounds_08.wav,
AMB_Metal8,ambient\Metal_Sounds_Ent_02.wav,
AMB_Metal9,ambient\Metal_Sounds_Ent_09.wav,
AMB_Metalgate_Close,ambient\Metal_Gate_Closing.wav,
AMB_Motor_loop,ambient\Small_Motor_Loop.wav,
AMB_Motor_start,ambient\Small_Motor_Start.wav,
AMB_Mtl_Creak1,ambient\AMB_MTL_CREAKS_RDM_1.wav,
AMB_Mtl_Creak2,ambient\AMB_MTL_CREAKS_RDM_2.wav,
AMB_Mtl_Creak3,ambient\AMB_MTL_CREAKS_RDM_3.wav,
AMB_Mtl_Creak4,ambient\AMB_MTL_CREAKS_RDM_4.wav,
AMB_Mtl_Creak5,ambient\AMB_MTL_CREAKS_RDM_5.wav,
AMB_Mtl_Creak6,ambient\AMB_MTL_CREAKS_RDM_6.wav,
AMB_Mtl_Creak7,ambient\AMB_MTL_CREAKS_RDM_7.wav,
AMB_Mtl_Creak8,ambient\AMB_MTL_CREAKS_RDM_8.wav,
AMB_Mtl_Creak9,ambient\AMB_MTL_CREAKS_RDM_9.wav,
AMB_MtlL_squeak1,ambient\Light Sqeak1.wav,
AMB_MtlL_squeak2,ambient\Light Sqeak2.wav,
AMB_MtlL_squeak3,ambient\Light Sqeak3.wav,
AMB_MtlL_squeak4,ambient\Light Sqeak4.wav,
AMB_MtlL_squeak5,ambient\Light Sqeak5.wav,
AMB_Music_new,ambient\New Music Track.wav,
AMB_Phone_noanswer,ambient\EMPTY_TONALITY.wav,
AMB_Pipe_big1,ambient\BIG_Pipes-01.wav,
AMB_Pipe_big2,ambient\BIG_Pipes-03.wav,
AMB_Pipe_big3,ambient\BIG_Pipes-05.wav,
AMB_Pipe_big4,ambient\BIG_Pipes-06.wav,
AMB_Pipe_Small,ambient\Loop_Pipe_Small.wav,
AMB_Print1,ambient\PRINT_st_01-01.wav,
AMB_Print2,ambient\PRINT_st_01-02.wav,
AMB_Pump_start,ambient\Pump_Start.wav,
AMB_Rain_wall,ambient\RAIN_OUTSIDE_HOLE_in_WALL.wav,
AMB_Rain_window,ambient\RAIN_ON_WINDOW.wav,
AMB_Room_lowtone,ambient\ROOMTONE_Low.wav,
AMB_Screen_buzz_loop,ambient\SCREEN_BUZZ_LOOP_1.wav,
AMB_Screen_buzz1,ambient\SCREEN_BUZZ_01.wav,
AMB_Screen_buzz2,ambient\SCREEN_BUZZ_02.wav,
AMB_Screen_buzz3,ambient\SCREEN_BUZZ_03.wav,
AMB_SmallPipe1,ambient\Small_pipes-01.wav,
AMB_SmallPipe2,ambient\Small_pipes-03.wav,
AMB_SmallPipe3,ambient\Small_pipes-05.wav,
AMB_SmallPipe4,ambient\Small_pipes-07.wav,
AMB_SmallPipe5,ambient\Small_pipes-08.wav,
AMB_SteelCable1,ambient\SteelCable1.wav,
AMB_SteelCable2,ambient\SteelCable2.wav,
AMB_SteelCable3,ambient\SteelCable3.wav,
AMB_SteelCable4,ambient\SteelCable4.wav,
AMB_SteelCable5,ambient\SteelCable5.wav,
AMB_SwamWind,ambient\SWARM_Wind_Noise.wav,
AMB_Thunder_Loop,ambient\Amb_Loop_THUNDER_loop_3D.wav,
AMB_ThunderRoll1,ambient\Thunder_Roll_01.wav,
AMB_ThunderRoll2,ambient\Thunder_Roll_02.wav,
AMB_ThunderRoll3,ambient\Thunder_Roll_03.wav,
AMB_ThunderRoll4,ambient\Thunder_Roll_04.wav,
AMB_ThunderRoll5,ambient\Thunder_Roll_05.wav,
AMB_ThunderRoll6,ambient\Thunder_Roll_06.wav,
AMB_ThunderRoll7,ambient\Thunder_Roll_07.wav,
AMB_ThunderRoll8,ambient\Thunder_Roll_08.wav,
AMB_Toilets_loop,ambient\Toilets_Loop.wav,
AMB_Turbine_loop,ambient\Turbine_Loop.wav,
AMB_Turbine_start,ambient\Turbine_Start.wav,
AMB_Vent_pulse,ambient\PulsVentil_05_120bpm.wav,
AMB_Water_defdrip1,ambient\Water_Drip_04.wav,
AMB_Water_defdrip2,ambient\Water_Drip_05.wav,
AMB_Water_Drain1,ambient\Drain_01.wav,
AMB_Water_Drain10,ambient\Drain_10.wav,
AMB_Water_Drain11,ambient\Drain_11.wav,
AMB_Water_Drain2,ambient\Drain_02.wav,
AMB_Water_Drain3,ambient\Drain_03.wav,
AMB_Water_Drain4,ambient\Drain_04.wav,물소리남
AMB_Water_Drain5,ambient\Drain_05.wav,
AMB_Water_Drain6,ambient\Drain_06.wav,
AMB_Water_Drain7,ambient\Drain_07.wav,
AMB_Water_Drain8,ambient\Drain_08.wav,
AMB_Water_Drain9,ambient\Drain_09.wav,
AMB_Water_drip_loop,ambient\WATER_Drip_LOOP.wav,
AMB_Water_drop1,ambient\WATER_DROPS_01.wav,
AMB_Water_drop2,ambient\WATER_DROPS_02.wav,
AMB_Water_drop3,ambient\WATER_DROPS_03.wav,
AMB_Water_drop4,ambient\WATER_DROPS_04.wav,
AMB_Water_escape_loop,ambient\WATER_Ecape_LOOP.wav,
AMB_Water_flow,ambient\Lavabo_reso.wav,
AMB_Water_flow,ambient\Water_Flow.wav,
AMB_Water_flow_reverb,ambient\Water_Flow_verb.wav,
AMB_Water_pourMetal1,ambient\water_metal_reso_pouring.wav,
AMB_Water_pourMetal2,ambient\water_pouring_med.wav,
AMB_Water_pourMetal3,ambient\water_pouring_med_02.wav,
AMB_Water_pourMetal4,ambient\Water_pouring_on_metal.wav,
AMB_Water_pump_loop,ambient\Water_Pump_Loop.wav,
AMB_Water_smallpouring,ambient\Water_very_small_pouring.wav,
AMB_Water_toiletdrip1,ambient\Water Drip_Bathroom_1.wav,
AMB_Water_toiletdrip2,ambient\Water Drip_Bathroom_2.wav,
AMB_Water_toiletdrip3,ambient\Water Drip_Bathroom_3.wav,
AMB_Water_toiletdrip4,ambient\Water Drip_Bathroom_4.wav,
AMB_Water_toiletdrip5,ambient\Water Drip_Bathroom_5.wav,
AMB_Water_toiletdrip6,ambient\Water Drip_Bathroom_6.wav,
AMB_Water_toiletdrip7,ambient\Water Drip_Bathroom_7.wav,
AMB_Wheel_loop,ambient\Wheel_loop.wav,
AMB_Wheel_squeak1,ambient\Wheel_squeak_1.wav,
AMB_Wheel_squeak2,ambient\Wheel_squeak_2.wav,
AMB_Wheel_squeak3,ambient\Wheel_squeak_3.wav,
AMB_Whitenoise_loop,ambient\WHITE_NOISE_LOOP.wav,
AMB_Window_wind,ambient\Wind_Wistles_through_window.wav,
AMB_Woman_whisper,ambient\Whisper.wav,
AMB_Wood_creak1,ambient\Wood_Creak_3D_01.wav,
AMB_Wood_creak2,ambient\Wood_Creak_3D_02.wav,
AMB_Wood_creak3,ambient\Wood_Creak_3D_03.wav,
AMB_WoodBurn_Creak1,ambient\AMB_Wood_Burning_creaks_01.wav,
AMB_WoodBurn_Creak2,ambient\AMB_Wood_Burning_creaks_02.wav,
AMB_WoodBurn_Creak3,ambient\AMB_Wood_Burning_creaks_03.wav,
AMB_WoodBurn_Creak4,ambient\AMB_Wood_Burning_creaks_04.wav,
AMB_WoodBurn_Creak5,ambient\AMB_Wood_Burning_creaks_05.wav,
AMB_WoodBurn_Creak6,ambient\AMB_Wood_Burning_creaks_06.wav,
AMB_WoodBurn_Creak7,ambient\AMB_Wood_Burning_creaks_07.wav,
AMB_WoodBurnL1,ambient\AMB_Wood_Burning_large_01.wav,
AMB_WoodBurnL2,ambient\AMB_Wood_Burning_large_02.wav,
AMB_WoodBurnL3,ambient\AMB_Wood_Burning_large_03.wav,
BatteryGet,player\actions\Pick-Up_Battery.wav,
BtnPress1,player\FootStep\FOL_Press_Button_1.wav,
BtnPress2,player\FootStep\FOL_Press_Button_2.wav,
CamClose,player\Camera\Cam_close.wav,
CamGrab,player\Camera\Cam_grab_FOL.wav,
CamLowBatt,player\Camera\CAM_Low_Battery_Clue.wav,
CamManip1,player\Camera\CAM_Manip_1.wav,
CamManip2,player\Camera\CAM_Manip_2.wav,
CamManip3,player\Camera\CAM_Manip_3.wav,
CamManip4,player\Camera\CAM_Manip_4.wav,
CamManip5,player\Camera\CAM_Manip_5.wav,
CamNoise1,player\Camera\CAM_NOISE_1.wav,
CamNoise10,player\Camera\CAM_NOISE_10.wav,
CamNoise11,player\Camera\CAM_NOISE_11.wav,
CamNoise12,player\Camera\CAM_NOISE_12.wav,
CamNoise2,player\Camera\CAM_NOISE_2.wav,
CamNoise3,player\Camera\CAM_NOISE_3.wav,
CamNoise4,player\Camera\CAM_NOISE_4.wav,
CamNoise5,player\Camera\CAM_NOISE_5.wav,
CamNoise6,player\Camera\CAM_NOISE_6.wav,
CamNoise7,player\Camera\CAM_NOISE_7.wav,
CamNoise8,player\Camera\CAM_NOISE_8.wav,
CamNoise9,player\Camera\CAM_NOISE_9.wav,
CamNoiseHighFreq1,player\Camera\SFX_Cam_Noise_High_1.wav,
CamNoiseHighFreq2,player\Camera\SFX_Cam_Noise_High_2.wav,
CamNoiseHighFreq3,player\Camera\SFX_Cam_Noise_High_3.wav,
CamNoiseHighFreq4,player\Camera\SFX_Cam_Noise_High_4.wav,
CamNoiseHighFreq5,player\Camera\SFX_Cam_Noise_High_5.wav,
CamNoiseLowFreq1,player\Camera\SFX_Cam_Noise_Low_1.wav,
CamNoiseLowFreq2,player\Camera\SFX_Cam_Noise_Low_2.wav,
CamNoiseLowFreq3,player\Camera\SFX_Cam_Noise_Low_3.wav,
CamNoiseLowFreq4,player\Camera\SFX_Cam_Noise_Low_4.wav,
CamNoiseLowFreq5,player\Camera\SFX_Cam_Noise_Low_5.wav,
CamNoiseLowFreq6,player\Camera\SFX_Cam_Noise_Low_6.wav,
CamNVLoop,player\Camera\NightVision_Loop.wav,
CamNVStart,player\Camera\NV_Start_HFq.wav,
CamOpen,player\Camera\Cam_open.wav,
CamReCharge,player\Camera\CAM_Reload_Battery.wav,
CamStart,player\Camera\Bip_Cam_START.wav,
CamStop,player\Camera\Bip_Cam_STOP.wav,
CamStop2,player\Camera\CAM_Stop_Lfq.wav,
CamSwitch,player\Camera\Bip_Cam_SWITCH.wav,
CamUseLoop,player\Camera\Cam_USE_Loop.wav,
CMusic_Transition1,commonMusic\Transition 1.wav,
CMusic_Transition2,commonMusic\Transition 2.wav,
CMusic_Transition3,commonMusic\Transition 3.wav,
CMusic_Transition4,commonMusic\Transition 4.wav,
Door_Cell_Open1,door\SFX_Cell_Door_opening_1.wav,
Door_Cell_Open2,door\SFX_Cell_Door_opening_2.wav,
Door_Cell_Open3,door\SFX_Cell_Door_opening_3.wav,
Door_Cell_Open4,door\SFX_Cell_Door_opening_4.wav,
Door_Cell_Open5,door\SFX_Cell_Door_opening_5.wav,
Door_Cell_Open6,door\SFX_Cell_Door_opening_6.wav,
Door_Default_Close1,door\FOL_Close_Door_1.wav,
Door_Default_Close2,door\FOL_Close_Door_2.wav,
Door_Default_Close3,door\FOL_Close_Door_3.wav,
Door_Default_Close4,door\FOL_Close_Door_4.wav,
Door_Default_Close5,door\FOL_Close_Door_5.wav,
Door_Default_Open_Fast,door\Door_Opening_Fast_1.wav,
Door_Default_Open_Slow1,door\Door_Opening_Slow_1-01.wav,
Door_Default_Open_Slow2,door\Door_Opening_Slow_1-02.wav,
Door_Default_Open_Slow3,door\Door_Opening_Slow_1.wav,
Door_Default_Open1,door\Door_Opening_Mid_1-01.wav,
Door_Default_Open2,door\Door_Opening_Mid_1-02.wav,
Door_Glass_Close,door\Glass_Gate_Closing.wav,
Door_Glass_Open,door\Glass_Gate_Opening.wav,
Door_Metal_Close,door\Metal_Gate_Closing.wav,
Door_Metal_Open_Fast1,door\Door_metal_Opening_hard_1-01.wav,
Door_Metal_Open_Fast2,door\Door_metal_Opening_hard_1-02.wav,
Door_Metal_Open_Fast3,door\Door_metal_Opening_hard_1-03.wav,
Door_Metal_Open_Fast4,door\Door_metal_Opening_hard_1-04.wav,
Door_Metal_Open_Fast5,door\Door_metal_Opening_hard_1.wav,
Door_Metal_Open_Slow1,door\Door_metal_Opening_Calm_1-01.wav,
Door_Metal_Open_Slow2,door\Door_metal_Opening_Calm_1-02.wav,
Door_Metal_Open_Slow3,door\Door_metal_Opening_Calm_1-03.wav,
Door_Metal_Open_Slow4,door\Door_metal_Opening_Calm_1.wav,
Door_Metal_Open1,door\Metal_Gate_Opening.wav,
Door_Metal_Open2,door\SFX_Metal_Gate_opening1.wav,
Door_Metal_Open3,door\SFX_Metal_Gate_opening2.wav,
Door_Metal_Open4,door\SFX_Metal_Gate_opening3.wav,
Door_Metal_Open5,door\SFX_Metal_Gate_opening4.wav,
Door_Metal_Open6,door\SFX_Metal_Gate_opening5.wav,
Door_Metal_Open7,door\SFX_Metal_Gate_opening6.wav,
Door_MetalFence_Lock1,door\SFX_Metal_Fence_locked_01.wav,
Door_MetalFence_Lock2,door\SFX_Metal_Fence_locked_02.wav,
Door_MetalFence_Lock3,door\SFX_Metal_Fence_locked_03.wav,
Door_MetalFence_Lock4,door\SFX_Metal_Fence_locked_04.wav,
Door_MetalFence_Lock5,door\SFX_Metal_Fence_locked_05.wav,
Door_MetalFence_Lock6,door\SFX_Metal_Fence_locked_06.wav,
Door_Mtrl_Lock1,door\MTLGate_LOCKED_01.wav,
Door_Mtrl_Lock2,door\MTLGate_LOCKED_02.wav,
Door_Mtrl_Lock3,door\MTLGate_LOCKED_03.wav,
Door_Mtrl_Lock4,door\MTLGate_LOCKED_04.wav,
Door_Mtrl_Lock5,door\MTLGate_LOCKED_05.wav,
Door_Mtrl_Open1,door\MTLGate_OPNENING_01.wav,
Door_Mtrl_Open2,door\MTLGate_OPNENING_02.wav,
Door_Mtrl_Open3,door\MTLGate_OPNENING_03.wav,
Door_Security_Close1,door\SecurityDoor_CLOSING_01.wav,
Door_Security_Close2,door\SecurityDoor_CLOSING_02.wav,
Door_Security_Close3,door\SecurityDoor_CLOSING_03.wav,
Door_Security_Open1,door\SecurityDoor_OPENING_01.wav,
Door_Security_Open2,door\SecurityDoor_OPENING_02.wav,
Door_Security_Open3,door\SecurityDoor_OPENING_03.wav,
Door_Security_Open4,door\SecurityDoor_OPENING_04.wav,
Door_Wood_Bash1,door\SFX_WoodenDoor_Bash_01.wav,
Door_Wood_Bash2,door\SFX_WoodenDoor_Bash_02.wav,
Door_Wood_Bash3,door\SFX_WoodenDoor_Bash_03.wav,
Door_Wood_Bash4,door\SFX_WoodenDoor_Bash_04.wav,
Door_Wood_Bash5,door\SFX_WoodenDoor_Bash_05.wav,
Door_Wood_Bash6,door\SFX_WoodenDoor_Bash_06.wav,
Door_Wood_Bash7,door\SFX_WoodenDoor_Bash_07.wav,
Door_Wood_Bash8,door\SFX_WoodenDoor_Bash_08.wav,
Door_Wood_Bash9,door\SFX_WoodenDoor_Bash_09.wav,
Door_Wood_Close1,door\WoodenDoor_CLOSING_01.wav,
Door_Wood_Close2,door\WoodenDoor_CLOSING_02.wav,
Door_Wood_Close3,door\WoodenDoor_CLOSING_03.wav,
Door_Wood_Close4,door\WoodenDoor_CLOSING_04.wav,
Door_Wood_Close5,door\WoodenDoor_CLOSING_05.wav,
Door_Wood_Locked1,door\WoodDoor_CLosed-02.wav,
Door_Wood_Locked2,door\WoodDoor_CLosed-04.wav,
Door_Wood_Open1,door\WoodenDoor_OPENING_01.wav,
Door_Wood_Open2,door\WoodenDoor_OPENING_02.wav,
Door_Wood_Open3,door\WoodenDoor_OPENING_03.wav,
Door_Wood_Open4,door\WoodenDoor_OPENING_04.wav,
Door_Wood_Open5,door\WoodenDoor_OPENING_05.wav,
Door_Wood_Open6,door\WoodenDoor_OPENING_06.wav,
Door_Wood_Open7,door\WoodenDoor_OPENING_07.wav,
Door_Wood_Shake1,door\SFX_WoodenDoor_Shake_01.wav,
Door_Wood_Shake2,door\SFX_WoodenDoor_Shake_03.wav,
Door_Wood_Shake3,door\SFX_WoodenDoor_Shake_04.wav,
DustParticle1,player\FootStep\Dust_Corniche1.wav,
DustParticle2,player\FootStep\Dust_Corniche4.wav,
DustParticle3,player\FootStep\Dust_Corniche5.wav,
DustParticle4,player\FootStep\Dust_Corniche6.wav,
ElectricDoorBeep,player\etc\BIP_SecurityRoom_1.wav,
ElectroFuse,player\etc\Fusible_Insert.wav,
ElevBtnPress,player\actions\Press_elevator_button.wav,
FloorSlap,player\actions\MILES_SLAP_FLOOR.wav,
FTS_Blood_Land1,player\FootStep\FTS_Blood_landing_1.wav,
FTS_Blood_Land2,player\FootStep\FTS_Blood_landing_2.wav,
FTS_Blood_Land3,player\FootStep\FTS_Blood_landing_3.wav,
FTS_Blood_Run1,player\FootStep\FTS_Blood_run_1.wav,
FTS_Blood_Run10,player\FootStep\FTS_Blood_run_10.wav,
FTS_Blood_Run2,player\FootStep\FTS_Blood_run_2.wav,
FTS_Blood_Run3,player\FootStep\FTS_Blood_run_3.wav,
FTS_Blood_Run4,player\FootStep\FTS_Blood_run_4.wav,
FTS_Blood_Run5,player\FootStep\FTS_Blood_run_5.wav,
FTS_Blood_Run6,player\FootStep\FTS_Blood_run_6.wav,
FTS_Blood_Run7,player\FootStep\FTS_Blood_run_7.wav,
FTS_Blood_Run8,player\FootStep\FTS_Blood_run_8.wav,
FTS_Blood_Run9,player\FootStep\FTS_Blood_run_9.wav,
FTS_Blood_Walk1,player\FootStep\FTS_Blood_walk_1.wav,
FTS_Blood_Walk10,player\FootStep\FTS_Blood_walk_10.wav,
FTS_Blood_Walk2,player\FootStep\FTS_Blood_walk_2.wav,
FTS_Blood_Walk3,player\FootStep\FTS_Blood_walk_3.wav,
FTS_Blood_Walk4,player\FootStep\FTS_Blood_walk_4.wav,
FTS_Blood_Walk5,player\FootStep\FTS_Blood_walk_5.wav,
FTS_Blood_Walk6,player\FootStep\FTS_Blood_walk_6.wav,
FTS_Blood_Walk7,player\FootStep\FTS_Blood_walk_7.wav,
FTS_Blood_Walk8,player\FootStep\FTS_Blood_walk_8.wav,
FTS_Blood_Walk9,player\FootStep\FTS_Blood_walk_9.wav,
FTS_Carpet_Run1,player\FootStep\FTS_CARPET_RUN_01.wav,
FTS_Carpet_Run2,player\FootStep\FTS_CARPET_RUN_02.wav,
FTS_Carpet_Run3,player\FootStep\FTS_CARPET_RUN_03.wav,
FTS_Carpet_Run4,player\FootStep\FTS_CARPET_RUN_04.wav,
FTS_Carpet_Run5,player\FootStep\FTS_CARPET_RUN_05.wav,
FTS_Carpet_Run6,player\FootStep\FTS_CARPET_RUN_06.wav,
FTS_Carpet_Run7,player\FootStep\FTS_CARPET_RUN_07.wav,
FTS_Carpet_Walk1,player\FootStep\FTS_CARPET_WALK_01.wav,
FTS_Carpet_Walk2,player\FootStep\FTS_CARPET_WALK_02.wav,
FTS_Carpet_Walk3,player\FootStep\FTS_CARPET_WALK_03.wav,
FTS_Carpet_Walk4,player\FootStep\FTS_CARPET_WALK_04.wav,
FTS_Concrete_Land1,player\FootStep\FOL_Footsteps_Concrete_Land_01.wav,
FTS_Concrete_Land2,player\FootStep\FOL_Footsteps_Concrete_Land_02.wav,
FTS_Concrete_Land3,player\FootStep\FOL_Footsteps_Concrete_Land_03.wav,
FTS_Concrete_Ledge1,player\FootStep\FOL_Hand_Ledge_concrete_01.wav,
FTS_Concrete_Ledge2,player\FootStep\FOL_Hand_Ledge_concrete_02.wav,
FTS_Concrete_Ledge3,player\FootStep\FOL_Hand_Ledge_concrete_03.wav,
FTS_Concrete_Ledge4,player\FootStep\FOL_Hand_Ledge_concrete_04.wav,
FTS_Concrete_Ledge5,player\FootStep\FOL_Hand_Ledge_concrete_05.wav,
FTS_Concrete_Run_Alt1,player\FootStep\FTS_Run_Concrete_1-01.wav,
FTS_Concrete_Run_Alt2,player\FootStep\FTS_Run_Concrete_1-02.wav,
FTS_Concrete_Run_Alt3,player\FootStep\FTS_Run_Concrete_1-03.wav,
FTS_Concrete_Run_Alt4,player\FootStep\FTS_Run_Concrete_1-04.wav,
FTS_Concrete_Run_Alt5,player\FootStep\FTS_Run_Concrete_1-05.wav,
FTS_Concrete_Run_Alt6,player\FootStep\FTS_Run_Concrete_1-06.wav,
FTS_Concrete_Run1,player\FootStep\FTS_CONCRETE_RUN_01.wav,
FTS_Concrete_Run2,player\FootStep\FTS_CONCRETE_RUN_02.wav,
FTS_Concrete_Run3,player\FootStep\FTS_CONCRETE_RUN_03.wav,
FTS_Concrete_Run4,player\FootStep\FTS_CONCRETE_RUN_04.wav,
FTS_Concrete_Run5,player\FootStep\FTS_CONCRETE_RUN_05.wav,
FTS_Concrete_Run6,player\FootStep\FTS_CONCRETE_RUN_06.wav,
FTS_Concrete_Run7,player\FootStep\FTS_CONCRETE_RUN_07.wav,
FTS_Concrete_Run8,player\FootStep\FTS_CONCRETE_RUN_08.wav,
FTS_Concrete_Walk1,player\FootStep\FTS_CONCRETE_Walk-02.wav,
FTS_Concrete_Walk10,player\FootStep\FTS_CONCRETE_WALK_04.wav,
FTS_Concrete_Walk11,player\FootStep\FTS_CONCRETE_WALK_05.wav,
FTS_Concrete_Walk12,player\FootStep\FTS_CONCRETE_WALK_06.wav,
FTS_Concrete_Walk13,player\FootStep\FTS_CONCRETE_WALK_07.wav,
FTS_Concrete_Walk14,player\FootStep\FTS_CONCRETE_WALK_08.wav,
FTS_Concrete_Walk2,player\FootStep\FTS_CONCRETE_Walk-04.wav,
FTS_Concrete_Walk3,player\FootStep\FTS_CONCRETE_Walk-06.wav,
FTS_Concrete_Walk4,player\FootStep\FTS_CONCRETE_Walk-08.wav,
FTS_Concrete_Walk5,player\FootStep\FTS_CONCRETE_Walk-10.wav,
FTS_Concrete_Walk6,player\FootStep\FTS_CONCRETE_Walk-11.wav,
FTS_Concrete_Walk7,player\FootStep\FTS_CONCRETE_WALK_01.wav,
FTS_Concrete_Walk8,player\FootStep\FTS_CONCRETE_WALK_02.wav,
FTS_Concrete_Walk9,player\FootStep\FTS_CONCRETE_WALK_03.wav,
FTS_Crunch1,player\FootStep\FTS_Crunch_1.wav,
FTS_Crunch10,player\FootStep\FTS_Crunch_4.wav,
FTS_Crunch11,player\FootStep\FTS_Crunch_5.wav,
FTS_Crunch12,player\FootStep\FTS_Crunch_6.wav,
FTS_Crunch13,player\FootStep\FTS_Crunch_7.wav,
FTS_Crunch14,player\FootStep\FTS_Crunch_8.wav,
FTS_Crunch15,player\FootStep\FTS_Crunch_9.wav,
FTS_Crunch2,player\FootStep\FTS_Crunch_10.wav,
FTS_Crunch3,player\FootStep\FTS_Crunch_11.wav,
FTS_Crunch4,player\FootStep\FTS_Crunch_12.wav,
FTS_Crunch5,player\FootStep\FTS_Crunch_13.wav,
FTS_Crunch6,player\FootStep\FTS_Crunch_14.wav,
FTS_Crunch7,player\FootStep\FTS_Crunch_15.wav,
FTS_Crunch8,player\FootStep\FTS_Crunch_2.wav,
FTS_Crunch9,player\FootStep\FTS_Crunch_3.wav,
FTS_DeepWater_Walk1,player\FootStep\FOL_Footsteps_WaterDeep_Walk_01.wav,
FTS_DeepWater_Walk2,player\FootStep\FOL_Footsteps_WaterDeep_Walk_02.wav,
FTS_DeepWater_Walk3,player\FootStep\FOL_Footsteps_WaterDeep_Walk_03.wav,
FTS_DeepWater_Walk4,player\FootStep\FOL_Footsteps_WaterDeep_Walk_04.wav,
FTS_Grass_Land1,player\FootStep\FOL_Footsteps_Grass_Land_01.wav,
FTS_Grass_Land2,player\FootStep\FOL_Footsteps_Grass_Land_02.wav,
FTS_Grass_Land3,player\FootStep\FOL_Footsteps_Grass_Land_03.wav,
FTS_Grass_Land4,player\FootStep\FOL_Footsteps_Grass_Land_04.wav,
FTS_Grass_Land5,player\FootStep\FOL_Footsteps_Grass_Land_05.wav,
FTS_Grass_Run1,player\FootStep\FOL_Footsteps_Grass_Run_01.wav,
FTS_Grass_Run2,player\FootStep\FOL_Footsteps_Grass_Run_02.wav,
FTS_Grass_Run3,player\FootStep\FOL_Footsteps_Grass_Run_03.wav,
FTS_Grass_Run4,player\FootStep\FOL_Footsteps_Grass_Run_05.wav,
FTS_Grass_Run5,player\FootStep\FOL_Footsteps_Grass_Run_06.wav,
FTS_Grass_Walk1,player\FootStep\FOL_Footsteps_Grass_Walk_01.wav,
FTS_Grass_Walk2,player\FootStep\FOL_Footsteps_Grass_Walk_02.wav,
FTS_Grass_Walk3,player\FootStep\FOL_Footsteps_Grass_Walk_03.wav,
FTS_Grass_Walk4,player\FootStep\FOL_Footsteps_Grass_Walk_04.wav,
FTS_Grass_Walk5,player\FootStep\FOL_Footsteps_Grass_Walk_05.wav,
FTS_Grass_Walk6,player\FootStep\FOL_Footsteps_Grass_Walk_06.wav,
FTS_Grass_Walk7,player\FootStep\FOL_Footsteps_Grass_Walk_07.wav,
FTS_Ladder_Squeak1,player\FootStep\FTS_Ladder_Squeak_01.wav,
FTS_Ladder_Squeak10,player\FootStep\FTS_Ladder_Squeak_08.wav,
FTS_Ladder_Squeak11,player\FootStep\FTS_Ladder_Squeak_09.wav,
FTS_Ladder_Squeak2,player\FootStep\FTS_Ladder_Squeak_010.wav,
FTS_Ladder_Squeak3,player\FootStep\FTS_Ladder_Squeak_011.wav,
FTS_Ladder_Squeak4,player\FootStep\FTS_Ladder_Squeak_02.wav,
FTS_Ladder_Squeak5,player\FootStep\FTS_Ladder_Squeak_03.wav,
FTS_Ladder_Squeak6,player\FootStep\FTS_Ladder_Squeak_04.wav,
FTS_Ladder_Squeak7,player\FootStep\FTS_Ladder_Squeak_05.wav,
FTS_Ladder_Squeak8,player\FootStep\FTS_Ladder_Squeak_06.wav,
FTS_Ladder_Squeak9,player\FootStep\FTS_Ladder_Squeak_07.wav,
FTS_Ladder1,player\FootStep\FTS_Ladder_01.wav,
FTS_Ladder10,player\FootStep\FTS_Ladder_018.wav,
FTS_Ladder11,player\FootStep\FTS_Ladder_02.wav,
FTS_Ladder12,player\FootStep\FTS_Ladder_03.wav,
FTS_Ladder13,player\FootStep\FTS_Ladder_04.wav,
FTS_Ladder14,player\FootStep\FTS_Ladder_05.wav,
FTS_Ladder15,player\FootStep\FTS_Ladder_06.wav,
FTS_Ladder16,player\FootStep\FTS_Ladder_07.wav,
FTS_Ladder17,player\FootStep\FTS_Ladder_08.wav,
FTS_Ladder18,player\FootStep\FTS_Ladder_09.wav,
FTS_Ladder2,player\FootStep\FTS_Ladder_010.wav,
FTS_Ladder3,player\FootStep\FTS_Ladder_011.wav,
FTS_Ladder4,player\FootStep\FTS_Ladder_012.wav,
FTS_Ladder5,player\FootStep\FTS_Ladder_013.wav,
FTS_Ladder6,player\FootStep\FTS_Ladder_014.wav,
FTS_Ladder7,player\FootStep\FTS_Ladder_015.wav,
FTS_Ladder8,player\FootStep\FTS_Ladder_016.wav,
FTS_Ladder9,player\FootStep\FTS_Ladder_017.wav,
FTS_MatHeavy_Land1,player\FootStep\FOL_Footsteps_MtlLoud_Land_01.wav,
FTS_MatHeavy_Land2,player\FootStep\FOL_Footsteps_MtlLoud_Land_02.wav,
FTS_MatHeavy_Land3,player\FootStep\FOL_Footsteps_MtlLoud_Land_03.wav,
FTS_MtrlHeavy_Run1,player\FootStep\FTS_MTL_LOUD_RUN_01.wav,
FTS_MtrlHeavy_Run2,player\FootStep\FTS_MTL_LOUD_RUN_02.wav,
FTS_MtrlHeavy_Run3,player\FootStep\FTS_MTL_LOUD_RUN_03.wav,
FTS_MtrlHeavy_Run4,player\FootStep\FTS_MTL_LOUD_RUN_04.wav,
FTS_MtrlHeavy_Run5,player\FootStep\FTS_MTL_LOUD_RUN_05.wav,
FTS_MtrlHeavy_Run6,player\FootStep\FTS_MTL_LOUD_RUN_06.wav,
FTS_MtrlHeavy_Walk1,player\FootStep\FTS_MTL_LOUD_WALK_01.wav,
FTS_MtrlHeavy_Walk2,player\FootStep\FTS_MTL_LOUD_WALK_02.wav,
FTS_MtrlHeavy_Walk3,player\FootStep\FTS_MTL_LOUD_WALK_03.wav,
FTS_MtrlHeavy_Walk4,player\FootStep\FTS_MTL_LOUD_WALK_04.wav,
FTS_MtrlHeavy_Walk5,player\FootStep\FTS_MTL_LOUD_WALK_05.wav,
FTS_MtrlHeavy_Walk6,player\FootStep\FTS_MTL_LOUD_WALK_06.wav,
FTS_MtrlHeavy_Walk7,player\FootStep\FTS_MTL_LOUD_WALK_07.wav,
FTS_MtrlLight_Walk1,player\FootStep\FTS_MTL_Light_WALK_01.wav,
FTS_MtrlLight_Walk10,player\FootStep\FTS_MTL_Light_WALK_09.wav,
FTS_MtrlLight_Walk2,player\FootStep\FTS_MTL_Light_WALK_010.wav,
FTS_MtrlLight_Walk3,player\FootStep\FTS_MTL_Light_WALK_02.wav,
FTS_MtrlLight_Walk4,player\FootStep\FTS_MTL_Light_WALK_03.wav,
FTS_MtrlLight_Walk5,player\FootStep\FTS_MTL_Light_WALK_04.wav,
FTS_MtrlLight_Walk6,player\FootStep\FTS_MTL_Light_WALK_05.wav,
FTS_MtrlLight_Walk7,player\FootStep\FTS_MTL_Light_WALK_06.wav,
FTS_MtrlLight_Walk8,player\FootStep\FTS_MTL_Light_WALK_07.wav,
FTS_MtrlLight_Walk9,player\FootStep\FTS_MTL_Light_WALK_08.wav,
FTS_Scrape_Squeeze1,player\FootStep\FTS_SCRAPE_SQUEEZE_01.wav,
FTS_Scrape_Squeeze2,player\FootStep\FTS_SCRAPE_SQUEEZE_02.wav,
FTS_Scrape_Squeeze3,player\FootStep\FTS_SCRAPE_SQUEEZE_03.wav,
FTS_Scrape_Squeeze4,player\FootStep\FTS_SCRAPE_SQUEEZE_04.wav,
FTS_Scrape_Squeeze5,player\FootStep\FTS_SCRAPE_SQUEEZE_05.wav,
FTS_Scrape_Squeeze6,player\FootStep\FTS_SCRAPE_SQUEEZE_06.wav,
FTS_Scrape_Squeeze7,player\FootStep\FTS_SCRAPE_SQUEEZE_07.wav,
FTS_Scrape_Squeeze8,player\FootStep\FTS_SCRAPE_SQUEEZE_08.wav,
FTS_Smallwater_Land1,player\FootStep\FTS_Small_water_Land_1.wav,
FTS_Smallwater_Land2,player\FootStep\FTS_Small_water_Land_2.wav,
FTS_Smallwater_Land3,player\FootStep\FTS_Small_water_Land_3.wav,
FTS_Smallwater_Run1,player\FootStep\FTS_Small_water_Run_1.wav,
FTS_Smallwater_Run2,player\FootStep\FTS_Small_water_Run_2.wav,
FTS_Smallwater_Run3,player\FootStep\FTS_Small_water_Run_3.wav,
FTS_Smallwater_Run4,player\FootStep\FTS_Small_water_Run_4.wav,
FTS_Smallwater_Run5,player\FootStep\FTS_Small_water_Run_5.wav,
FTS_Smallwater_Run6,player\FootStep\FTS_Small_water_Run_6.wav,
FTS_Smallwater_Run7,player\FootStep\FTS_Small_water_Run_7.wav,
FTS_Smallwater_Walk1,player\FootStep\FTS_Small_water_Walk_1.wav,
FTS_Smallwater_Walk2,player\FootStep\FTS_Small_water_Walk_2.wav,
FTS_Smallwater_Walk3,player\FootStep\FTS_Small_water_Walk_3.wav,
FTS_Smallwater_Walk4,player\FootStep\FTS_Small_water_Walk_4.wav,
FTS_Smallwater_Walk5,player\FootStep\FTS_Small_water_Walk_5.wav,
FTS_Smallwater_Walk6,player\FootStep\FTS_Small_water_Walk_6.wav,
FTS_Smallwater_Walk7,player\FootStep\FTS_Small_water_Walk_7.wav,
FTS_Smallwater_Walk8,player\FootStep\FTS_Small_water_Walk_8.wav,
FTS_Straff_Cornchie1,player\FootStep\FTS_STRAFF_CORNICHE1.wav,
FTS_Straff_Cornchie2,player\FootStep\FTS_STRAFF_CORNICHE2.wav,
FTS_Straff_Cornchie3,player\FootStep\FTS_STRAFF_CORNICHE3.wav,
FTS_Straff_Cornchie4,player\FootStep\FTS_STRAFF_CORNICHE4.wav,
FTS_Straff_Cornchie5,player\FootStep\FTS_STRAFF_CORNICHE5.wav,
FTS_Straff_Cornchie6,player\FootStep\FTS_STRAFF_CORNICHE6.wav,
FTS_ThinWood_Run1,player\FootStep\FTS_Run_Texture_Wood_01.wav,
FTS_ThinWood_Run2,player\FootStep\FTS_Run_Texture_Wood_02.wav,
FTS_ThinWood_Run3,player\FootStep\FTS_Run_Texture_Wood_03.wav,
FTS_ThinWood_Run4,player\FootStep\FTS_Run_Texture_Wood_04.wav,
FTS_ThinWood_Run5,player\FootStep\FTS_Run_Texture_Wood_05.wav,
FTS_ThinWood_Run6,player\FootStep\FTS_Run_Texture_Wood_06.wav,
FTS_ThinWood_Walk1,player\FootStep\FTS_Texture_Wood_01.wav,
FTS_ThinWood_Walk10,player\FootStep\FTS_Texture_Wood_023.wav,
FTS_ThinWood_Walk11,player\FootStep\FTS_Texture_Wood_024.wav,
FTS_ThinWood_Walk12,player\FootStep\FTS_Texture_Wood_025.wav,
FTS_ThinWood_Walk13,player\FootStep\FTS_Texture_Wood_026.wav,
FTS_ThinWood_Walk14,player\FootStep\FTS_Texture_Wood_027.wav,
FTS_ThinWood_Walk15,player\FootStep\FTS_Texture_Wood_03.wav,
FTS_ThinWood_Walk16,player\FootStep\FTS_Texture_Wood_04.wav,
FTS_ThinWood_Walk17,player\FootStep\FTS_Texture_Wood_05.wav,
FTS_ThinWood_Walk18,player\FootStep\FTS_Texture_Wood_06.wav,
FTS_ThinWood_Walk19,player\FootStep\FTS_Texture_Wood_07.wav,
FTS_ThinWood_Walk2,player\FootStep\FTS_Texture_Wood_010.wav,
FTS_ThinWood_Walk20,player\FootStep\FTS_Texture_Wood_08.wav,
FTS_ThinWood_Walk21,player\FootStep\FTS_Texture_Wood_09.wav,
FTS_ThinWood_Walk3,player\FootStep\FTS_Texture_Wood_011.wav,
FTS_ThinWood_Walk4,player\FootStep\FTS_Texture_Wood_012.wav,
FTS_ThinWood_Walk5,player\FootStep\FTS_Texture_Wood_019.wav,
FTS_ThinWood_Walk6,player\FootStep\FTS_Texture_Wood_02.wav,
FTS_ThinWood_Walk7,player\FootStep\FTS_Texture_Wood_020.wav,
FTS_ThinWood_Walk8,player\FootStep\FTS_Texture_Wood_021.wav,
FTS_ThinWood_Walk9,player\FootStep\FTS_Texture_Wood_022.wav,
FTS_Water_Run1,player\FootStep\FTS_WATER_RUN_01.wav,
FTS_Water_Run2,player\FootStep\FTS_WATER_RUN_02.wav,
FTS_Water_Run3,player\FootStep\FTS_WATER_RUN_03.wav,
FTS_Water_Run4,player\FootStep\FTS_WATER_RUN_04.wav,
FTS_Water_Walk1,player\FootStep\FTS_WATER_WALK_01.wav,
FTS_Water_Walk2,player\FootStep\FTS_WATER_WALK_02.wav,
FTS_Water_Walk3,player\FootStep\FTS_WATER_WALK_03.wav,
FTS_Water_Walk4,player\FootStep\FTS_WATER_WALK_04.wav,
FTS_Water_Walk5,player\FootStep\FTS_WATER_WALK_05.wav,
FTS_Wood_Land1,player\FootStep\FOL_Footsteps_Wood_Land_01.wav,
FTS_Wood_Land2,player\FootStep\FOL_Footsteps_Wood_Land_02.wav,
FTS_Wood_Land3,player\FootStep\FOL_Footsteps_Wood_Land_03.wav,
FTS_Wood_Land4,player\FootStep\FOL_Footsteps_Wood_Land_04.wav,
FTS_Wood_Run1,player\FootStep\FTS_run_wood_01.wav,
FTS_Wood_Run2,player\FootStep\FTS_run_wood_02.wav,
FTS_Wood_Run3,player\FootStep\FTS_run_wood_03.wav,
FTS_Wood_Run4,player\FootStep\FTS_run_wood_04.wav,
FTS_Wood_Run5,player\FootStep\FTS_run_wood_05.wav,
FTS_Wood_Run6,player\FootStep\FTS_run_wood_06.wav,
FTS_Wood_Run7,player\FootStep\FTS_run_wood_07.wav,
FTS_Wood_Walk1,player\FootStep\FTS_walk_wood_01.wav,
FTS_Wood_Walk10,player\FootStep\FTS_WOOD_Walk-08.wav,
FTS_Wood_Walk11,player\FootStep\FTS_WOOD_Walk-10.wav,
FTS_Wood_Walk12,player\FootStep\FTS_WOOD_Walk-11.wav,
FTS_Wood_Walk2,player\FootStep\FTS_walk_wood_02.wav,
FTS_Wood_Walk3,player\FootStep\FTS_walk_wood_03.wav,
FTS_Wood_Walk4,player\FootStep\FTS_walk_wood_04.wav,
FTS_Wood_Walk5,player\FootStep\FTS_walk_wood_05.wav,
FTS_Wood_Walk6,player\FootStep\FTS_walk_wood_06.wav,
FTS_Wood_Walk7,player\FootStep\FTS_WOOD_Walk-02.wav,
FTS_Wood_Walk8,player\FootStep\FTS_WOOD_Walk-04.wav,
FTS_Wood_Walk9,player\FootStep\FTS_WOOD_Walk-06.wav,
Gun_Cock,player\weapon\Glock_Cock.wav,
Gun_DrawOut,player\weapon\Glock_TakeOut.wav,
Gun_Fire1,player\weapon\Pistol_Power_1.wav,
Gun_Fire2,player\weapon\Pistol_Power_2.wav,
Gun_Fire3,player\weapon\Pistol_Power_3.wav,
Gun_Fire4,player\weapon\Pistol_Power_4.wav,
JacketCreak1,player\Clothes\LEATHER_Jacket_Creaks_01.wav,
JacketCreak10,player\Clothes\LEATHER_Jacket_Creaks_010.wav,
JacketCreak11,player\Clothes\LEATHER_Jacket_Creaks_011.wav,
JacketCreak2,player\Clothes\LEATHER_Jacket_Creaks_02.wav,
JacketCreak3,player\Clothes\LEATHER_Jacket_Creaks_03.wav,
JacketCreak4,player\Clothes\LEATHER_Jacket_Creaks_04.wav,
JacketCreak5,player\Clothes\LEATHER_Jacket_Creaks_05.wav,
JacketCreak6,player\Clothes\LEATHER_Jacket_Creaks_06.wav,
JacketCreak7,player\Clothes\LEATHER_Jacket_Creaks_07.wav,
JacketCreak8,player\Clothes\LEATHER_Jacket_Creaks_08.wav,
JacketCreak9,player\Clothes\LEATHER_Jacket_Creaks_09.wav,
JacketJump1,player\Clothes\LEATHER_Jacket_Jump_01.wav,
JacketJump10,player\Clothes\LEATHER_Jacket_Jump_010.wav,
JacketJump2,player\Clothes\LEATHER_Jacket_Jump_02.wav,
JacketJump3,player\Clothes\LEATHER_Jacket_Jump_03.wav,
JacketJump4,player\Clothes\LEATHER_Jacket_Jump_04.wav,
JacketJump5,player\Clothes\LEATHER_Jacket_Jump_05.wav,
JacketJump6,player\Clothes\LEATHER_Jacket_Jump_06.wav,
JacketJump7,player\Clothes\LEATHER_Jacket_Jump_07.wav,
JacketJump8,player\Clothes\LEATHER_Jacket_Jump_08.wav,
JacketJump9,player\Clothes\LEATHER_Jacket_Jump_09.wav,
JacketSitDown1,player\Clothes\LEATHER_Jacket_StandDown_01.wav,
JacketSitDown2,player\Clothes\LEATHER_Jacket_StandDown_02.wav,
JacketSitDown3,player\Clothes\LEATHER_Jacket_StandDown_03.wav,
JacketSitDown4,player\Clothes\LEATHER_Jacket_StandDown_04.wav,
JacketSoft1,player\Clothes\LEATHER_Jacket_ArmMotion_01.wav,
JacketSoft2,player\Clothes\LEATHER_Jacket_ArmMotion_02.wav,
JacketSoft3,player\Clothes\LEATHER_Jacket_ArmMotion_03.wav,
JacketSoft4,player\Clothes\LEATHER_Jacket_ArmMotion_04.wav,
JacketSoft5,player\Clothes\LEATHER_Jacket_ArmMotion_05.wav,
JacketSoft6,player\Clothes\LEATHER_Jacket_ArmMotion_06.wav,
JacketSoft7,player\Clothes\LEATHER_Jacket_ArmMotion_07.wav,
JacketSoft8,player\Clothes\LEATHER_Jacket_ArmMotion_08.wav,
JacketStandUp1,player\Clothes\LEATHER_Jacket_StandUp_01.wav,
JacketStandUp10,player\Clothes\Leather_SqueezeThrough_07.wav,
JacketStandUp2,player\Clothes\LEATHER_Jacket_StandUp_02.wav,
JacketStandUp3,player\Clothes\LEATHER_Jacket_StandUp_03.wav,
JacketStandUp4,player\Clothes\Leather_SqueezeThrough_01.wav,
JacketStandUp5,player\Clothes\Leather_SqueezeThrough_02.wav,
JacketStandUp6,player\Clothes\Leather_SqueezeThrough_03.wav,
JacketStandUp7,player\Clothes\Leather_SqueezeThrough_04.wav,
JacketStandUp8,player\Clothes\Leather_SqueezeThrough_05.wav,
JacketStandUp9,player\Clothes\Leather_SqueezeThrough_06.wav,
Key_Use,player\actions\Key_using.wav,
Keyboard1,player\actions\KEYBOARD_COMPUTER_01.wav,
Keyboard2,player\actions\KEYBOARD_COMPUTER_02.wav,
Keyboard3,player\actions\KEYBOARD_COMPUTER_03.wav,
Keyboard4,player\actions\KEYBOARD_COMPUTER_04.wav,
Keyboard5,player\actions\KEYBOARD_COMPUTER_05.wav,
Keyboard6,player\actions\KEYBOARD_COMPUTER_06.wav,
Kick,player\actions\kick_push_patient.wav,
Knock,player\actions\knock.wav,
LadderGet1,player\actions\Grab_Ladder_1.wav,
LadderGet10,player\actions\Grab_Ladder_10.wav,
LadderGet11,player\actions\Grab_Ladder_11.wav,
LadderGet12,player\actions\Grab_Ladder_12.wav,
LadderGet13,player\actions\Grab_Ladder_13.wav,
LadderGet2,player\actions\Grab_Ladder_2.wav,
LadderGet3,player\actions\Grab_Ladder_4.wav,
LadderGet4,player\actions\Grab_Ladder_5.wav,
LadderGet5,player\actions\Grab_Ladder_6.wav,
LadderGet6,player\actions\Grab_Ladder_7.wav,
LadderGet7,player\actions\Grab_Ladder_9.wav,
LadderMove1,player\actions\LADDER_MOVES_01.wav,
LadderMove2,player\actions\LADDER_MOVES_02.wav,
LadderMove3,player\actions\LADDER_MOVES_03.wav,
LadderMove4,player\actions\LADDER_MOVES_04.wav,
LadderMove5,player\actions\LADDER_MOVES_05.wav,
LadderMove6,player\actions\LADDER_MOVES_06.wav,
LadderMove7,player\actions\LADDER_MOVES_07.wav,
LadderMove8,player\actions\LADDER_MOVES_08.wav,
Lever,player\actions\Levier_Basement.wav,
LockerClose,player\actions\LOCKER_Closing_01.wav,
LockerOpen1,player\actions\LOCKER_Opening_01.wav,
LockerOpen2,player\actions\LOCKER_Opening_02.wav,
LockerSqueak1,player\actions\LOCKER_Squeak_01.wav,
LockerSqueak2,player\actions\LOCKER_Squeak_02.wav,
LockerSqueak3,player\actions\LOCKER_Squeak_03.wav,
LockerSqueak4,player\actions\LOCKER_Squeak_04.wav,
LockerSqueak5,player\actions\LOCKER_Squeak_05.wav,
MenBoongLoop,player\etc\SFX_Loop_HIGH.wav,
MetalGrid,player\actions\Miles_Rip_MetalGrid_FOL.wav,
Opening_WakeUp,player\actions\Miles_WakeUp_Prison_FOL.wav,
otSoft1,player\Clothes\CLOTHES_Soft_01.wav,
otSoft2,player\Clothes\CLOTHES_Soft_02.wav,
otSoft3,player\Clothes\CLOTHES_Soft_03.wav,
otSoft4,player\Clothes\CLOTHES_Soft_04.wav,
otStrong1,player\Clothes\CLOTHES_Strong_01.wav,
otStrong2,player\Clothes\CLOTHES_Strong_02.wav,
otStrong3,player\Clothes\CLOTHES_Strong_03.wav,
otStrong4,player\Clothes\CLOTHES_Strong_04.wav,
otStrong5,player\Clothes\CLOTHES_Strong_05.wav,
otStrong6,player\Clothes\CLOTHES_Strong_06.wav,
otStrong7,player\Clothes\CLOTHES_Strong_07.wav,
Paper_Get,player\actions\Paper_grab.wav,
PickupObj,player\actions\Pick-Up_Object_Clue_Key.wav,
PushMetalLoop,player\actions\Push_metal_Loop_1.wav,
PushWoodLoop,player\actions\Push_wood_Loop.wav,
Topni1,player\etc\DISTO_Loop_01.wav,
Topni2,player\etc\DISTO_Loop_02.wav,
Topni3,player\etc\DISTO_Loop_03.wav,
Topni4,player\etc\DISTO_Loop_04.wav,
ValveClose1,player\FootStep\Foley_Valve_squeak_01.wav,
ValveClose2,player\FootStep\Foley_Valve_squeak_02.wav,
ValveClose3,player\FootStep\Foley_Valve_squeak_03.wav,
ValveTurn1,player\FootStep\Foley_Valve_turning_01.wav,
ValveTurn2,player\FootStep\Foley_Valve_turning_02.wav,
ValveTurn3,player\FootStep\Foley_Valve_turning_03.wav,
ValveTurn4,player\FootStep\Foley_Valve_turning_04.wav,
ValveTurn5,player\FootStep\Foley_Valve_turning_05.wav,
ValveTurn6,player\FootStep\Foley_Valve_turning_06.wav,
ValveTurn7,player\FootStep\Foley_Valve_turning_07.wav,
ValveTurn8,player\FootStep\Foley_Valve_turning_08.wav,
ENEM_Def_angry1,enemies\Enemies_def_angry1.wav,
ENEM_Def_angry2,enemies\Enemies_def_angry2.wav,
ENEM_Def_angry3,enemies\Enemies_def_angry3.wav,
ENEM_Def_angry4,enemies\Enemies_def_angry4.wav,
ENEM_Def_angry5,enemies\Enemies_def_angry5.wav,
ENEM_Def_die1,enemies\Enemies_def_die1.wav,
ENEM_Def_die2,enemies\Enemies_def_die2.wav,
ENEM_Def_die3,enemies\Enemies_def_die3.wav,
ENEM_Def_hit1,enemies\Enemies_def_hit1.wav,
ENEM_Def_hit2,enemies\Enemies_def_hit2.wav,
ENEM_Def_hit3,enemies\Enemies_def_hit3.wav,
ENEM_Def_idle1,enemies\Enemies_def_idle1.wav,
ENEM_Def_idle2,enemies\Enemies_def_idle2.wav,
ENEM_Def_idle3,enemies\Enemies_def_idle3.wav,
ENEM_Def_idle4,enemies\Enemies_def_idle4.wav,
ENEM_Def_lost1,enemies\Enemies_def_lost1.wav,
ENEM_Def_lost2,enemies\Enemies_def_lost2.wav,
ENEM_Type2_angry1,enemies\Enemies_type2_angry1.wav,
ENEM_Type2_angry2,enemies\Enemies_type2_angry2.wav,
ENEM_Type2_angry3,enemies\Enemies_type2_angry3.wav,
ENEM_Type2_idle,enemies\Enemies_type2_idle.wav,
ENEM_Type3_angry1,enemies\LongScream_01.wav,
ENEM_Type3_angry2,enemies\LongScream_02.wav,
ENEM_Type3_angry3,enemies\LongScream_03.wav,
ENEM_Type3_angry4,enemies\LongScream_04.wav,
ENEM_Type3_angry5,enemies\LongScream_06.wav,
ENEM_Nano_angry1,enemies\SFX_NANO_SCREAM_01.wav,
ENEM_Nano_angry2,enemies\SFX_NANO_SCREAM_02.wav,
ENEM_Nano_angry3,enemies\SFX_NANO_SCREAM_03.wav,
ENEM_Nano_angry4,enemies\SFX_NANO_SCREAM_04.wav,
ENEM_Nano_angry5,enemies\SFX_NANO_SCREAM_05.wav,
ENEM_Nano_angry6,enemies\SFX_NANO_SCREAM_06.wav,
ENEM_Nano_angry7,enemies\Swarm_angry_2.wav,
ENEM_Nano_idle1,enemies\SWARM_Breath.wav,
ENEM_Nano_hit1,enemies\Swarm_crying_1.wav,
ENEM_Nano_hit2,enemies\Swarm_crying_2.wav,
ENEM_Nano_hit3,enemies\Swarm_crying_4.wav,
ENEM_Nano_hit4,enemies\Swarm_crying_5.wav,
ENEM_Nano_hit5,enemies\Swarm_crying_6.wav,
ENEM_Nano_hit6,enemies\Swarm_crying_7.wav,
ENEM_Nano_hit7,enemies\Swarm_crying_8.wav,
ENEM_Nano_idle2,enemies\SWARM_HighFrq.wav,
ENEM_Nano_idle3,enemies\SWARM_Idle.wav,
ENEM_Def_move1,enemies\Swarm_moves_01.wav,
ENEM_Def_move2,enemies\Swarm_moves_010.wav,
ENEM_Def_move3,enemies\Swarm_moves_02.wav,
ENEM_Def_move4,enemies\Swarm_moves_03.wav,
ENEM_Def_move5,enemies\Swarm_moves_04.wav,
ENEM_Def_move6,enemies\Swarm_moves_05.wav,
ENEM_Def_move7,enemies\Swarm_moves_06.wav,
ENEM_Def_move8,enemies\Swarm_moves_07.wav,
ENEM_Def_move9,enemies\Swarm_moves_08.wav,
ENEM_Def_move10,enemies\Swarm_moves_09.wav,
ENEM_Nano_loop,enemies\Swarm_SFX_Loop.wav,
ENEM_Nano_transform,enemies\Swarm_Transform_1.wav,
HURT_blood1,player\hurt\Blood_splash_1.wav,
HURT_blood2,player\hurt\Blood_splash_2.wav,
HURT_blood3,player\hurt\Blood_splash_3.wav,
HURT_blood4,player\hurt\Blood_splash_4.wav,
HURT_blood5,player\hurt\Blood_splash_5.wav,
HURT_blood6,player\hurt\Blood_splash_6.wav,
HURT_pantL1,player\hurt\PANT_Soft_01.wav,
HURT_pantL2,player\hurt\PANT_Soft_02.wav,
HURT_pantL3,player\hurt\PANT_Soft_03.wav,
HURT_pantL4,player\hurt\PANT_Soft_04.wav,
HURT_pantL5,player\hurt\PANT_Soft_05.wav,
HURT_pantH1,player\hurt\PANT_Strong_01.wav,
HURT_pantH2,player\hurt\PANT_Strong_010.wav,
HURT_pantH3,player\hurt\PANT_Strong_02.wav,
HURT_pantH4,player\hurt\PANT_Strong_03.wav,
HURT_pantH5,player\hurt\PANT_Strong_04.wav,
HURT_pantH6,player\hurt\PANT_Strong_05.wav,
HURT_pantH7,player\hurt\PANT_Strong_06.wav,
HURT_pantH8,player\hurt\PANT_Strong_07.wav,
HURT_pantH9,player\hurt\PANT_Strong_08.wav,
HURT_pantH10,player\hurt\PANT_Strong_09.wav,
ATK_grab,player\hurt\patient_grabbing-01.wav,
ATK_punch1,player\hurt\Patient_impact_punch_1.wav,
ATK_punch2,player\hurt\Patient_impact_punch_2.wav,
ATK_punch3,player\hurt\Patient_impact_punch_3.wav,
ATK_punch4,player\hurt\Patient_impact_punch_4.wav,
ATK_knifestab1,player\hurt\Patient_knife_flesh_1.wav,
ATK_knifestab2,player\hurt\Patient_knife_flesh_2.wav,
ATK_knifestab3,player\hurt\Patient_knife_flesh_3.wav,
ATK_knifestab4,player\hurt\Patient_knife_flesh_4.wav,
ATK_knifestab5,player\hurt\Patient_knife_flesh_5.wav,
ATK_knifestab6,player\hurt\Patient_knife_flesh_6.wav,
ATK_knifeL1,player\hurt\Patient_knife_low_hit_1.wav,
ATK_knifeL2,player\hurt\Patient_knife_low_hit_2.wav,
ATK_knifeL3,player\hurt\Patient_knife_low_hit_3.wav,
ATK_knifeL4,player\hurt\Patient_knife_low_hit_4.wav,
ATK_knifescrape1,player\hurt\Patient_knife_scrape_1.wav,
ATK_knifescrape2,player\hurt\Patient_knife_scrape_2.wav,
ATK_knifescrape3,player\hurt\Patient_knife_scrape_3.wav,
ATK_knifescrape4,player\hurt\Patient_knife_scrape_4.wav,
ATK_knifescrape5,player\hurt\Patient_knife_scrape_5.wav,
ATK_knifescrape6,player\hurt\Patient_knife_scrape_6.wav,
ATK_knifescrape7,player\hurt\Patient_knife_scrape_7.wav,
ATK_knifescrape8,player\hurt\Patient_knife_scrape_8.wav,
ATK_knifescrape9,player\hurt\Patient_knife_scrape_9.wav,
ATK_knifestab1,player\hurt\Patient_knife_stab_1.wav,
ATK_knifestab2,player\hurt\Patient_knife_stab_2.wav,
ATK_knifestab3,player\hurt\Patient_knife_stab_3.wav,
ATK_pipeA1,player\hurt\Patient_pipe_hit_A_1.wav,
ATK_pipeA2,player\hurt\Patient_pipe_hit_A_2.wav,
ATK_pipeA3,player\hurt\Patient_pipe_hit_A_3.wav,
ATK_pipeA4,player\hurt\Patient_pipe_hit_A_4.wav,
ATK_pipeA5,player\hurt\Patient_pipe_hit_A_5.wav,
ATK_pipeB1,player\hurt\Patient_pipe_hit_B_1.wav,
ATK_pipeB2,player\hurt\Patient_pipe_hit_B_2.wav,
ATK_pipeB3,player\hurt\Patient_pipe_hit_B_3.wav,
ATK_pipeB4,player\hurt\Patient_pipe_hit_B_4.wav,
ATK_punchhit1,player\hurt\Patient_punch_flesh_1.wav,
ATK_punchhit2,player\hurt\Patient_punch_flesh_2.wav,
ATK_punchhit3,player\hurt\Patient_punch_flesh_3.wav,
ATK_punchhit4,player\hurt\Patient_punch_flesh_4.wav,
ATK_punchhit5,player\hurt\Patient_punch_flesh_5.wav,
ATK_whooshfast1,player\hurt\Patient_whoosh_fast_1.wav,
ATK_whooshfast2,player\hurt\Patient_whoosh_fast_2.wav,
ATK_whooshfast3,player\hurt\Patient_whoosh_fast_3.wav,
ATK_whooshfast4,player\hurt\Patient_whoosh_fast_4.wav,
ATK_whooshfast5,player\hurt\Patient_whoosh_fast_5.wav,
ATK_whooshfast6,player\hurt\Patient_whoosh_fast_6.wav,
ATK_whooshstrong1,player\hurt\Patient_whoosh_strong_1.wav,
ATK_whooshstrong2,player\hurt\Patient_whoosh_strong_2.wav,
